,City,Cloudiness,Country,Date,Humidity,lat,lng,Max Temp,Wind Speed
0,avarua,14,CK,1570027864,68,-21.21,-159.78,295.15,4.6
1,ponta do sol,18,BR,1570027546,32,-20.63,-46.0,304.983,0.73
2,north bend,1,US,1570027654,93,43.41,-124.22,280.93,2.6
3,mogadishu,0,SO,1570027201,78,2.04,45.34,299.083,6.62
4,mataura,100,NZ,1570027869,82,-46.19,168.86,279.26,1.34
5,lebu,20,ET,1570027391,60,8.96,38.73,293.15,5.1
6,albany,90,US,1570027730,83,42.65,-73.75,296.48,1.7
7,kavieng,46,PG,1570027933,77,-2.57,150.8,300.583,2.78
8,ushuaia,40,AR,1570027869,70,-54.81,-68.31,282.15,12.9
9,saldanha,74,PT,1570027393,30,41.42,-6.55,295.483,2.21
10,tarbagatay,100,RU,1570027936,64,51.48,107.36,275.15,1.0
11,new norfolk,4,AU,1570027936,81,-42.78,147.06,284.26,2.6
12,rikitea,100,PF,1570027938,80,-23.12,-134.97,291.183,6.58
13,souillac,90,FR,1570027410,68,45.6,-0.6,291.48,3.1
14,longyearbyen,75,NO,1570027940,88,78.22,15.63,273.15,2.1
15,saint-philippe,90,CA,1570027506,81,45.36,-73.48,285.15,3.1
16,hermanus,100,ZA,1570027942,85,-34.42,19.24,291.48,2.68
17,butaritari,80,KI,1570027943,65,3.07,172.79,302.383,2.95
18,qaanaaq,90,GL,1570027944,83,77.48,-69.36,270.583,1.23
19,saskylakh,43,RU,1570027365,91,71.97,114.09,264.783,1.61
20,coihaique,40,CL,1570027811,60,-45.58,-72.07,281.15,1.5
21,moerai,0,PF,1570027947,67,-22.43,-151.33,293.983,6.04
22,bluff,0,AU,1570027385,89,-23.58,149.07,288.583,5.02
23,kapaa,75,US,1570027357,78,22.08,-159.32,300.15,7.7
24,eyl,20,SO,1570027950,72,7.98,49.82,298.383,6.0
25,razdolnoye,0,RU,1570027951,56,43.7,44.53,293.15,4.0
26,port augusta,0,AU,1570027644,93,-32.49,137.76,288.15,4.1
27,arraial do cabo,0,BR,1570027952,51,-22.97,-42.02,300.15,4.1
28,cururupu,99,BR,1570027953,67,-1.82,-44.87,301.383,2.97
29,college,90,US,1570027401,100,64.86,-147.8,277.15,2.6
30,nikolskoye,75,RU,1570027362,81,59.7,30.79,281.48,8.0
31,port macquarie,0,AU,1570027956,93,-31.43,152.91,283.71,0.99
32,barrow,62,AR,1570027957,38,-38.31,-60.23,287.083,4.71
33,peniche,20,PT,1570027958,52,39.36,-9.38,298.15,7.7
34,kruisfontein,100,ZA,1570027390,34,-34.0,24.73,297.683,2.52
35,san patricio,100,PY,1570027551,91,-26.98,-56.83,296.483,2.57
36,dingle,100,PH,1570027960,93,11.0,122.67,296.783,0.73
37,ketchikan,90,US,1570027961,100,55.34,-131.65,282.15,3.86
38,tasiilaq,90,GL,1570027962,69,65.61,-37.64,276.15,15.4
39,puerto ayora,75,EC,1570027963,73,-0.74,-90.35,295.15,6.7
40,paamiut,100,GL,1570027675,48,61.99,-49.67,281.983,6.92
41,busselton,100,AU,1570027403,58,-33.64,115.35,287.59,4.39
42,hilo,20,US,1570027966,83,19.71,-155.08,296.15,3.1
43,cidreira,91,BR,1570027565,67,-30.17,-50.22,298.183,6.04
44,talcahuano,40,CL,1570027968,71,-36.72,-73.12,284.15,4.1
45,broome,40,GB,1570027969,58,52.47,1.45,287.15,6.2
46,hasaki,20,JP,1570027475,93,35.73,140.83,291.48,0.5
47,kisangani,75,CD,1570027972,55,0.52,25.21,306.15,4.1
48,bredasdorp,100,ZA,1570027973,35,-34.53,20.04,295.15,6.7
49,hare bay,75,CA,1570027974,53,48.86,-53.99,283.15,1.67
50,borgarnes,75,IS,1570027974,70,64.54,-21.92,281.48,7.7
51,cape town,0,ZA,1570027896,64,-33.93,18.42,294.26,6.2
52,beringovskiy,98,RU,1570027393,92,63.05,179.32,273.983,1.74
53,deputatskiy,100,RU,1570027978,87,69.3,139.9,266.783,11.06
54,kirakira,100,SB,1570027725,91,-10.46,161.92,297.083,4.55
55,bethel,90,US,1570027777,93,60.79,-161.76,281.15,3.6
56,yellowknife,75,CA,1570027460,80,62.45,-114.38,278.15,4.1
57,tromso,20,NO,1570027981,52,69.65,18.96,278.15,5.1
58,kadrina,58,EE,1570027982,74,59.34,26.14,281.083,1.44
59,ak-dovurak,0,RU,1570027983,59,51.17,90.6,268.083,0.81
60,jamestown,16,AU,1570027955,81,-33.21,138.6,284.183,0.32
61,pangnirtung,40,CA,1570027985,72,66.15,-65.72,275.15,1.0
62,vaini,40,IN,1570027986,88,15.34,74.49,297.15,2.1
63,bilma,0,NE,1570027408,11,18.69,12.92,311.783,2.29
64,clyde river,75,CA,1570027988,100,70.47,-68.59,275.15,2.1
65,chuy,100,UY,1570027392,96,-33.69,-53.46,288.083,6.39
66,lompoc,1,US,1570027695,70,34.64,-120.46,288.15,2.5
67,treinta y tres,100,UY,1570027991,94,-33.23,-54.39,286.983,8.74
68,lethem,67,GY,1570027992,49,3.38,-59.8,305.883,4.47
69,kalianget,29,ID,1570027993,87,-7.74,113.68,292.483,1.22
70,manadhoo,2,MV,1570027994,77,5.77,73.38,301.383,3.37
71,luderitz,0,NA,1570027789,64,-26.65,15.16,294.15,11.3
72,port alfred,100,ZA,1570027996,84,-33.59,26.89,292.59,3.58
73,codrington,0,AU,1570027604,87,-28.95,153.24,288.15,2.6
74,hithadhoo,30,MV,1570027998,81,-0.6,73.08,301.083,8.66
75,mahebourg,75,MU,1570027467,83,-20.41,57.7,297.15,3.6
76,port lincoln,80,AU,1570027548,92,-34.72,135.86,286.283,6.4
77,xingcheng,0,CN,1570028000,80,40.62,120.71,290.483,0.78
78,domna,81,RU,1570028001,54,51.9,113.16,272.15,1.0
79,muncar,70,ID,1570028002,97,-8.43,114.34,294.283,1.13
80,port elizabeth,1,US,1570028003,62,39.31,-74.98,303.15,4.1
81,punta arenas,20,CL,1570028004,65,-53.16,-70.91,281.15,12.3
82,colesberg,62,ZA,1570028005,15,-30.72,25.1,294.783,8.48
83,natal,75,BR,1570028006,83,-5.81,-35.21,300.15,3.6
84,turukhansk,100,RU,1570028007,97,65.8,87.96,276.683,2.0
85,hobart,4,AU,1570028008,81,-42.88,147.33,284.26,2.6
86,bambous virieux,75,MU,1570028009,83,-20.34,57.76,297.15,3.6
87,ribeira grande,75,PT,1570027575,83,38.52,-28.7,295.15,12.9
88,yulara,75,AU,1570027662,10,-25.24,130.99,307.15,7.7
89,esperance,65,AU,1570027642,100,-33.86,121.89,286.15,2.1
90,saint george,20,GR,1570027476,48,39.45,22.34,302.15,4.6
91,muisne,75,EC,1570028013,78,0.61,-80.02,299.15,3.6
92,tazovskiy,98,RU,1570027435,95,67.47,78.7,276.183,4.54
93,salalah,40,OM,1570028015,78,17.01,54.1,301.15,4.6
94,okhotsk,28,RU,1570028015,52,59.36,143.24,272.783,6.85
95,chokurdakh,100,RU,1570028016,94,70.62,147.9,270.183,7.76
96,mitu,0,IR,1570028017,20,36.2,46.09,290.583,2.36
97,east london,0,ZA,1570028019,72,-33.02,27.91,293.15,7.2
98,henties bay,3,NA,1570028020,87,-22.12,14.28,290.37,2.68
99,guerrero negro,0,MX,1570027445,75,27.97,-114.04,291.983,3.92
100,marshalltown,90,US,1570027748,100,42.04,-92.91,288.15,2.6
101,dudinka,75,RU,1570028022,97,69.41,86.18,273.15,3.0
102,pinczow,100,PL,1570028023,69,50.52,20.53,290.93,2.68
103,taoudenni,47,ML,1570027786,4,22.68,-3.98,316.083,5.02
104,aquiraz,75,BR,1570028025,69,-3.9,-38.39,300.15,8.2
105,sohag,0,EG,1570028027,19,26.55,31.7,308.15,6.7
106,itarema,80,BR,1570027574,45,-2.92,-39.92,304.683,6.85
107,sunyani,42,GH,1570028029,67,7.34,-2.33,302.783,0.79
108,bosaso,0,SO,1570028030,73,11.28,49.18,303.283,4.09
109,upernavik,75,GL,1570028030,64,72.79,-56.15,275.383,4.66
110,cabedelo,75,BR,1570027622,62,-6.97,-34.84,302.15,6.2
111,ushirombo,78,TZ,1570028033,52,-3.47,31.9,299.983,1.87
112,kholtoson,96,RU,1570028034,92,50.3,103.31,269.983,1.26
113,thompson,5,CA,1570027466,92,55.74,-97.86,269.15,1.0
114,gat,40,SN,1570027678,62,14.69,-16.54,305.15,3.1
115,falmouth,20,GB,1570028036,54,50.16,-5.07,287.15,3.1
116,kaduqli,34,SD,1570028037,58,11.01,29.72,303.483,1.06
117,bahia blanca,0,AR,1570027895,36,-38.72,-62.27,287.083,5.2
118,dikson,3,RU,1570028039,80,73.51,80.55,270.383,8.8
119,brownsville,40,US,1570027995,78,25.91,-97.49,303.15,2.7
120,taseyevo,100,RU,1570028041,69,57.22,94.9,276.683,2.67
121,isangel,100,VU,1570028042,76,-19.55,169.27,295.283,9.99
122,alta floresta,20,BR,1570028043,88,-9.87,-56.08,298.15,3.1
123,novaya zaimka,31,RU,1570028044,62,56.49,66.92,280.783,5.67
124,provideniya,78,RU,1570028045,99,64.42,-173.23,275.783,4.28
125,talnakh,75,RU,1570028046,87,69.49,88.39,273.15,3.0
126,araouane,8,ML,1570027468,12,18.9,-3.53,313.283,1.66
127,sao joao del rei,0,BR,1570027864,34,-21.14,-44.26,301.683,2.62
128,mildura,24,AU,1570028050,16,-34.18,142.16,293.15,4.1
129,lavrentiya,100,RU,1570028051,97,65.58,-170.99,274.483,2.64
130,atuona,0,PF,1570027871,72,-9.8,-139.03,299.483,6.45
131,sao filipe,0,CV,1570027671,83,14.9,-24.5,299.283,4.88
132,yakima,1,US,1570027896,92,46.6,-120.51,274.26,1.5
133,madimba,75,CM,1570027523,70,4.42,9.93,303.15,2.1
134,sisak,20,HR,1570028056,53,45.49,16.38,297.15,6.7
135,abu dhabi,100,AE,1570027931,63,24.47,54.37,308.15,3.6
136,khatanga,0,RU,1570028058,81,71.98,102.47,267.583,3.27
137,blagoyevo,86,RU,1570028059,80,63.37,47.92,279.383,4.19
138,cayenne,75,GF,1570028060,58,4.94,-52.33,304.15,2.6
139,torbay,90,CA,1570028060,86,47.66,-52.73,279.82,1.0
140,marinette,90,US,1570028061,76,45.1,-87.63,284.82,5.1
141,morehead,1,US,1570028063,65,38.18,-83.43,302.15,2.6
142,sola,67,TZ,1570028064,48,-3.17,33.8,298.683,2.19
143,carnarvon,49,ZA,1570028065,9,-30.97,22.13,297.483,9.2
144,port keats,0,AU,1570028066,79,-14.25,129.55,298.483,2.16
145,bubaque,30,GW,1570028068,81,11.28,-15.83,300.683,5.77
146,boguchar,0,RU,1570028069,55,49.93,40.55,287.783,1.15
147,ust-nera,0,RU,1570028069,81,64.57,143.24,260.683,1.28
148,kenai,75,US,1570028071,93,60.55,-151.26,279.26,1.5
149,kloulklubed,75,PW,1570028073,94,7.04,134.26,297.15,2.67
150,brigantine,40,US,1570028074,69,39.41,-74.36,302.04,4.6
151,lagoa,0,PT,1570028076,60,37.14,-8.45,302.59,8.2
152,yumen,100,CN,1570027491,21,40.29,97.04,287.783,7.3
153,tarauaca,100,BR,1570027890,49,-8.16,-70.77,305.483,0.92
154,kaeo,0,NZ,1570027804,90,-35.1,173.78,283.71,3.63
155,port blair,90,IN,1570028079,71,11.67,92.75,301.283,1.72
156,vernon,90,CA,1570027817,93,50.27,-119.27,277.59,1.1
157,cherskiy,29,RU,1570028081,86,68.75,161.3,267.183,5.13
158,tabou,55,CI,1570028082,77,4.42,-7.36,300.183,4.25
159,sapozhok,53,RU,1570028083,48,53.94,40.68,289.26,1.79
160,urucara,100,BR,1570028083,32,-2.54,-57.76,309.483,2.25
161,rock springs,90,US,1570027934,100,41.59,-109.2,272.15,1.5
162,san jose,40,HN,1570027833,83,14.25,-87.96,296.15,0.75
163,macapa,40,BR,1570028086,59,0.05,-51.07,306.15,5.1
164,bonoua,40,CI,1570028087,79,5.27,-3.6,302.15,5.1
165,maragogi,7,BR,1570028088,54,-9.01,-35.22,302.183,5.37
166,douglas,75,US,1570027906,100,58.28,-134.39,282.59,1.85
167,tecoanapa,75,MX,1570027600,83,16.99,-99.26,300.15,1.5
168,fortuna,1,US,1570027501,100,40.6,-124.16,279.26,3.1
169,grand forks,90,US,1570027952,86,47.91,-97.06,279.15,4.6
170,tumpat,75,MY,1570028093,83,6.2,102.17,299.15,1.5
171,lorengau,88,PG,1570028094,83,-2.02,147.27,298.283,0.82
172,pevek,100,RU,1570028095,76,69.7,170.27,271.883,6.67
173,den helder,75,NL,1570028064,67,52.96,4.76,287.15,7.7
174,mar del plata,0,AR,1570027897,30,-46.43,-67.52,282.783,5.64
175,castro,40,CL,1570028097,70,-42.48,-73.76,281.15,2.1
176,sitka,100,US,1570028098,98,37.17,-99.65,292.59,2.68
177,monte alegre,62,BR,1570028100,33,-2.0,-54.07,309.883,2.74
178,komsomolskiy,100,RU,1570028101,96,67.55,63.78,279.883,8.33
179,biak,80,ID,1570028102,97,-0.91,122.88,288.983,1.69
180,kodiak,90,US,1570028103,93,39.95,-94.76,292.04,2.1
181,arlit,100,NE,1570027702,7,18.74,7.39,311.683,2.13
182,praya,75,ID,1570028104,83,-8.71,116.27,299.15,2.1
183,senador jose porfirio,29,BR,1570028105,51,-2.59,-51.95,305.483,0.78
184,garissa,23,KE,1570028107,30,-0.46,39.64,307.283,6.08
185,issoire,90,FR,1570028107,63,45.54,3.25,291.15,5.1
186,poya,58,NC,1570028108,74,-21.35,165.16,292.983,5.9
187,constitucion,40,MX,1570028109,100,23.99,-104.67,291.48,1.26
188,chajul,97,GT,1570028110,76,15.48,-91.04,286.683,0.61
189,victoria,75,BN,1570027985,88,5.28,115.24,299.15,0.42
190,yurga,9,RU,1570028113,82,55.71,84.93,277.883,4.15
191,minas,90,UY,1570028114,93,-34.38,-55.24,285.15,10.3
192,kampot,20,KH,1570028115,94,10.62,104.18,300.15,0.5
193,tateyama,100,JP,1570028116,66,36.66,137.31,298.15,0.45
194,tuam,90,IE,1570028117,66,53.52,-8.85,286.48,1.0
195,sao joao da barra,0,BR,1570028118,44,-21.64,-41.05,300.15,4.1
196,shubarshi,100,KZ,1570028119,38,48.59,57.19,285.583,4.3
197,kahului,40,US,1570027641,78,20.89,-156.47,298.15,3.6
198,lidkoping,90,SE,1570028120,100,58.51,13.16,281.48,3.6
199,yuncheng,100,CN,1570028121,46,35.03,111.0,296.683,2.95
200,takaungu,20,KE,1570028122,78,-3.68,39.86,301.15,5.1
201,rurrenabaque,75,BO,1570028123,78,-14.44,-67.53,302.15,2.1
202,tabas,24,IR,1570028124,15,33.6,56.92,306.15,3.1
203,touros,90,BR,1570028125,94,-5.2,-35.46,297.15,3.1
204,launceston,13,AU,1570028126,93,-41.43,147.14,282.59,3.1
205,lahan,12,NP,1570028128,90,26.71,86.48,296.083,1.04
206,kjollefjord,75,NO,1570028129,69,70.95,27.35,277.15,8.7
207,waddan,0,LY,1570027652,10,29.16,16.14,309.483,6.81
208,tiksi,100,RU,1570028131,92,71.64,128.87,270.683,9.83
209,komaki,75,JP,1570028132,78,35.31,136.93,298.15,4.1
210,yar-sale,100,RU,1570027609,95,66.83,70.83,279.883,7.67
211,faanui,52,PF,1570027586,74,-16.48,-151.75,297.783,8.57
212,ocher,100,RU,1570028135,95,57.89,54.72,283.783,3.82
213,salinopolis,16,BR,1570028135,78,-0.61,-47.36,300.683,8.71
214,nogliki,100,RU,1570028137,95,51.8,143.14,276.783,8.41
215,hambantota,0,LK,1570028138,100,6.12,81.12,299.15,1.5
216,naze,100,NG,1570028139,90,5.43,7.07,297.683,3.44
217,maturin,55,VE,1570028140,64,9.75,-63.18,301.583,2.59
218,khandyga,8,RU,1570028141,76,62.65,135.58,268.383,2.4
219,touho,59,NC,1570028142,88,-20.78,165.23,287.783,1.17
220,atar,0,MR,1570028143,6,20.52,-13.05,316.983,8.87
221,te anau,100,NZ,1570028144,77,-45.41,167.72,275.383,0.51
222,caravelas,0,BR,1570028145,55,-17.73,-39.27,297.283,3.54
223,nanortalik,29,GL,1570027733,58,60.14,-45.24,281.083,2.02
224,iqaluit,40,CA,1570028040,74,63.75,-68.52,276.15,6.2
225,tuatapere,100,NZ,1570028149,82,-46.13,167.69,279.26,1.34
226,faribault,90,US,1570028150,87,44.3,-93.27,284.26,5.1
227,tura,100,RU,1570028151,93,64.27,100.22,272.883,2.98
228,teknaf,90,BD,1570028152,74,20.86,92.31,301.883,3.14
229,santa barbara,1,US,1570028153,81,34.42,-119.7,287.15,1.68
230,sisimiut,99,GL,1570028154,74,66.94,-53.67,277.283,2.11
231,raudeberg,20,NO,1570028154,54,61.99,5.14,287.15,4.6
232,puksoozero,100,RU,1570028155,96,62.59,40.61,278.983,1.9
233,flinders,0,AU,1570028156,76,-34.58,150.85,290.37,1.5
234,eunice,1,US,1570028157,78,30.49,-92.42,302.59,1.5
235,novobiryusinskiy,100,RU,1570028159,73,56.96,97.71,274.783,2.6
236,anadyr,20,RU,1570028161,86,64.73,177.51,272.15,7.0
237,swellendam,100,ZA,1570028162,35,-34.02,20.44,295.15,6.7
238,fairbanks,90,US,1570028163,100,64.84,-147.72,277.15,2.6
239,loei,0,TH,1570028164,89,17.49,101.72,295.183,1.52
240,vilani,88,LV,1570028164,76,56.55,26.92,283.483,0.84
241,marawi,99,PH,1570028165,88,8.0,124.29,297.59,2.24
242,narsaq,75,GL,1570028166,32,60.91,-46.05,285.15,16.5
243,berlevag,75,NO,1570028167,74,70.86,29.09,277.15,8.2
244,kutum,73,SD,1570027731,22,14.2,24.66,303.983,8.2
245,jiupu,0,CN,1570028169,66,41.07,122.95,290.683,0.89
246,saint-pierre,75,FR,1570028170,62,48.95,4.24,289.15,6.2
247,ostrovnoy,97,RU,1570028171,70,68.05,39.51,275.183,9.93
248,faya,40,SA,1570027619,60,18.39,42.45,298.15,5.1
249,chongwe,100,ZM,1570028172,60,-15.33,28.68,295.783,1.05
250,san rafael,54,AR,1570028173,22,-34.61,-68.33,285.683,4.77
251,pahrump,1,US,1570028174,27,36.21,-115.98,289.26,2.1
252,nome,90,US,1570028175,94,30.04,-94.42,301.48,3.1
253,tahe,18,CN,1570028177,65,52.34,124.71,271.183,1.95
254,tampakan,80,PH,1570028178,91,6.44,124.93,293.983,0.08
255,kavaratti,13,IN,1570028179,71,10.57,72.64,301.383,2.61
256,otukpo,100,NG,1570028180,68,7.19,8.13,301.783,1.99
257,grindavik,75,IS,1570028181,70,63.84,-22.43,281.15,8.7
258,bathsheba,40,BB,1570028182,62,13.22,-59.52,304.15,7.2
259,kirgiz-miyaki,100,RU,1570028183,64,53.63,54.8,283.483,6.5
260,belmonte,73,PT,1570027778,40,40.36,-7.35,299.26,1.34
261,mackay,75,CA,1570028184,86,53.65,-115.58,277.15,1.5
262,maniwaki,84,CA,1570028185,69,46.38,-75.98,279.883,4.83
263,beyneu,66,KZ,1570028186,28,45.32,55.19,290.483,5.25
264,barcelos,22,BR,1570028187,48,-0.97,-62.93,306.383,3.09
265,ilulissat,75,GL,1570027692,29,69.22,-51.1,283.15,8.2
266,eluru,75,IN,1570028189,78,16.71,81.12,301.15,2.6
267,atbasar,11,KZ,1570028190,38,51.81,68.36,280.383,2.0
268,cabo san lucas,40,MX,1570028158,88,22.89,-109.91,298.71,2.5
269,ambilobe,82,MG,1570028191,56,-13.19,49.05,300.783,2.83
270,robertsport,51,LR,1570028193,73,6.75,-11.37,300.783,4.8
271,san cristobal,71,HN,1570028194,72,14.68,-86.92,296.983,1.41
272,emerald,0,AU,1570027615,68,-23.53,148.16,293.15,4.6
273,nola,100,CF,1570028196,73,3.52,16.05,300.383,1.31
274,kapit,100,MY,1570028197,99,2.02,112.94,295.583,0.87
275,miri,68,NG,1570028198,40,10.31,9.75,305.383,1.31
276,chimbote,100,PE,1570028199,92,-9.08,-78.59,289.383,4.37
277,khani,0,GE,1570028200,50,41.96,42.96,299.15,3.1
278,tala,40,MX,1570028201,93,20.65,-103.7,294.26,1.5
279,zeya,0,RU,1570028202,64,53.74,127.27,270.383,2.96
280,cap malheureux,75,MU,1570028204,83,-19.98,57.61,297.15,3.6
281,mbini,90,GQ,1570028205,100,1.58,9.62,296.15,3.6
282,brae,75,GB,1570028206,93,60.4,-1.35,283.15,6.7
283,hamilton,90,CA,1570027374,100,43.26,-79.87,290.93,4.6
284,luang prabang,0,LA,1570028207,90,19.89,102.14,294.483,0.86
285,ampanihy,100,MG,1570028208,77,-24.69,44.75,294.283,7.3
286,klaksvik,75,FO,1570028209,70,62.23,-6.59,282.15,5.1
287,tamandare,100,BR,1570028210,53,-8.28,-70.75,303.783,1.3
288,plettenberg bay,79,ZA,1570028211,28,-34.05,23.37,297.983,3.73
289,buraydah,0,SA,1570028212,20,26.33,43.97,312.15,1.0
290,la primavera,0,AR,1570028213,24,-32.92,-68.67,286.15,4.1
291,geraldton,90,CA,1570027732,86,49.72,-86.95,274.15,3.1
292,muros,75,ES,1570028215,68,42.77,-9.06,294.26,3.1
293,qaqortoq,75,GL,1570027756,32,60.72,-46.03,285.15,16.5
294,djambala,98,CG,1570028216,69,-2.55,14.76,299.383,2.41
295,shu,0,KZ,1570028217,32,43.6,73.76,285.783,3.1
296,langsa,100,ID,1570028218,94,4.47,97.97,293.583,0.76
297,voznesenye,67,RU,1570028219,86,61.02,35.48,280.083,2.99
298,road town,40,VG,1570028101,70,18.42,-64.62,304.82,2.6
299,shelburne,90,CA,1570027999,100,44.08,-80.2,288.71,4.1
300,saint-denis,40,FR,1570028222,51,48.94,2.36,290.15,4.6
301,sibu,75,MY,1570028224,94,2.29,111.83,299.15,1.0
302,kaitangata,98,NZ,1570028225,79,-46.28,169.85,278.15,1.79
303,bolgatanga,78,GH,1570028226,58,10.79,-0.85,304.083,2.18
304,coahuayana,100,MX,1570027735,94,18.62,-100.35,294.683,0.52
305,wanning,75,AT,1570028228,77,48.64,13.53,289.26,5.1
306,sorong,82,ID,1570028229,95,-0.86,131.25,296.483,1.19
307,haverfordwest,40,GB,1570028230,54,51.8,-4.97,287.59,4.1
308,san jose de guanipa,77,VE,1570028231,57,8.89,-64.17,303.583,5.83
309,pacific grove,1,US,1570027704,61,36.62,-121.92,284.82,4.1
310,puerto madryn,0,AR,1570028233,19,-42.77,-65.04,285.483,2.82
311,san fernando,20,TT,1570028234,74,10.28,-61.46,303.71,4.6
312,lima,90,PE,1570028059,88,-12.06,-77.04,291.15,2.1
313,charleston,1,US,1570028174,66,32.79,-79.94,303.15,2.1
314,teteven,40,BG,1570028236,27,42.92,24.26,304.15,2.1
315,newport,40,GB,1570028237,58,51.59,-3.0,288.71,3.6
316,nantucket,90,US,1570027994,88,41.28,-70.1,299.15,6.2
317,palmer,75,AU,1570028241,93,-34.85,139.16,288.15,1.5
318,san quintin,100,PH,1570028242,90,17.54,120.52,297.383,1.09
319,tuktoyaktuk,90,CA,1570028243,93,69.44,-133.03,276.15,1.0
320,russell,90,US,1570028244,93,38.9,-98.86,286.48,4.6
321,goderich,100,CA,1570028245,94,43.74,-81.71,288.71,3.13
322,cayambe,75,EC,1570028246,72,0.04,-78.14,290.15,1.5
323,verkh-usugli,0,RU,1570028247,57,52.7,115.17,270.483,0.99
324,sassandra,53,CI,1570028248,72,4.95,-6.09,300.783,4.16
325,belem de sao francisco,8,BR,1570028249,34,-8.75,-38.97,305.383,5.48
326,solnechnyy,100,RU,1570027717,95,50.72,136.64,276.183,3.33
327,leogane,20,HT,1570028251,74,18.51,-72.63,303.15,3.1
328,namibe,51,AO,1570027779,83,-15.19,12.15,292.383,5.73
329,kropotkin,0,RU,1570028253,47,45.43,40.58,294.26,2.55
330,la roche-sur-yon,90,FR,1570028254,72,46.67,-1.43,291.15,3.1
331,huarmey,96,PE,1570028255,91,-10.07,-78.15,289.483,5.47
332,elizabeth city,1,US,1570027970,74,36.3,-76.22,301.48,4.6
333,hirara,0,JP,1570028256,84,24.8,125.28,300.283,2.99
334,svetlogorsk,20,RU,1570028257,45,53.14,59.15,281.15,5.0
335,hualmay,77,PE,1570028258,90,-11.1,-77.61,289.583,5.89
336,necochea,63,AR,1570028259,68,-38.55,-58.74,283.71,3.13
337,zverinogolovskoye,67,RU,1570028260,55,54.46,64.85,280.883,4.45
338,gimli,71,CA,1570028047,99,50.63,-96.99,277.04,2.35
339,pringsewu,65,ID,1570027806,92,-5.36,104.98,295.683,1.61
340,broken hill,0,AU,1570028263,14,-31.97,141.45,293.15,5.1
341,kitale,23,KE,1570028264,84,1.02,35.0,292.183,1.09
342,pemberton,61,AU,1570028265,88,-34.44,116.03,287.59,0.93
343,lac du bonnet,30,CA,1570028265,99,50.25,-96.06,277.04,2.11
344,padang,74,ID,1570028267,82,-0.92,100.36,299.083,6.75
345,escanaba,90,US,1570027990,76,45.75,-87.06,283.15,7.2
346,leningradskiy,100,RU,1570028269,91,69.38,178.42,272.183,7.21
347,greenfield,90,US,1570027986,83,42.59,-72.6,296.15,2.1
348,fuengirola,0,ES,1570028271,22,36.54,-4.62,304.15,7.2
349,mae sai,20,MM,1570028272,94,20.44,99.89,299.15,0.4
350,srednekolymsk,59,RU,1570028273,62,67.46,153.71,269.283,6.68
351,iwanai,100,JP,1570028274,74,42.97,140.51,287.283,2.18
352,kavali,7,IN,1570028275,63,14.91,79.99,302.883,3.87
353,shawinigan,90,CA,1570028001,81,46.54,-72.75,282.59,5.1
354,mbaiki,92,CF,1570028278,87,3.87,17.99,299.583,0.34
355,norman wells,90,CA,1570028279,100,65.28,-126.83,277.15,1.0
356,airai,100,TL,1570028280,83,-8.93,125.41,294.083,2.28
357,sharkan,100,RU,1570028281,96,57.3,53.87,284.26,1.34
358,mount gambier,90,AU,1570028282,93,-37.83,140.78,286.15,3.6
359,the pas,1,CA,1570028283,92,53.82,-101.24,271.15,1.5
360,husavik,96,CA,1570027796,99,50.56,-96.99,277.04,2.38
361,petropavlovsk-kamchatskiy,99,RU,1570028285,87,53.05,158.65,279.15,1.0
362,doka,96,SD,1570028285,70,13.52,35.76,301.083,2.5
363,humberto de campos,100,BR,1570028286,71,-2.6,-43.46,300.583,3.51
364,mana,100,NG,1570028287,46,13.03,5.27,303.283,3.74
365,sabang,96,PH,1570028288,84,13.8,121.11,298.15,0.45
366,soria,87,ES,1570028289,52,41.76,-2.46,289.82,5.36
367,gusau,100,NG,1570028290,58,12.17,6.66,301.283,2.54
368,madang,27,CN,1570028292,95,35.32,102.79,278.083,1.67
369,vitim,100,RU,1570028293,88,59.44,112.57,273.283,4.45
370,tayu,75,JP,1570028294,78,35.06,136.67,298.15,4.1
371,lieksa,100,FI,1570028295,82,63.32,30.02,275.983,4.97
372,mubende,52,UG,1570028296,91,0.56,31.4,293.883,1.64
373,antofagasta,75,CL,1570028091,77,-23.65,-70.4,288.15,7.7
374,qasigiannguit,75,GL,1570028299,29,68.82,-51.19,283.15,8.2
375,portland,90,US,1570028020,82,43.66,-70.25,292.15,2.1
376,novouzensk,48,RU,1570028301,74,50.46,48.14,288.283,0.9
377,juneau,75,US,1570028302,100,58.3,-134.42,282.59,1.85
378,westport,1,US,1570028147,73,41.14,-73.36,302.04,4.6
379,sokoni,86,CD,1570028304,60,-12.89,28.78,295.683,4.64
380,kumluca,25,TR,1570028305,73,36.37,30.29,290.783,2.39
381,pampa,90,US,1570028035,94,35.54,-100.96,294.26,4.1
382,rawson,0,AR,1570028307,19,-43.3,-65.11,284.683,2.99
383,seydi,0,NE,1570028308,63,13.34,7.75,306.15,1.0
384,adrar,0,DZ,1570028310,6,27.87,-0.29,315.15,5.7
385,santa marta,90,CO,1570028312,79,11.24,-74.21,302.15,3.1
386,pandan,100,PH,1570028313,77,11.72,122.09,300.883,2.37
387,nevsehir,20,TR,1570028314,15,38.62,34.71,303.15,3.1
388,zhigansk,84,RU,1570028315,90,66.77,123.37,267.983,2.75
389,mocuba,90,MZ,1570028316,75,-16.84,36.99,298.483,4.17
390,sao felix do xingu,98,BR,1570028203,79,-6.64,-51.99,301.683,1.3
391,praia da vitoria,20,PT,1570028317,73,38.73,-27.07,298.15,12.35
392,karakol,100,KG,1570028318,59,42.49,78.39,284.483,1.79
393,mirador,51,BR,1570028319,54,-6.37,-44.36,302.983,4.11
394,mecca,0,SA,1570028320,58,21.43,39.83,305.483,6.1
395,erenhot,100,CN,1570028321,60,43.65,111.97,287.883,6.16
396,dawei,11,MM,1570027792,81,14.07,98.19,301.683,4.5
397,georgetown,75,GY,1570028065,74,6.8,-58.16,303.15,3.1
398,ilo,90,PE,1570028324,82,-17.65,-71.34,290.15,4.6
399,jinxiang,0,CN,1570028325,48,35.07,116.31,293.883,1.57
400,kushima,75,JP,1570028325,88,31.5,131.29,297.15,5.7
401,halifax,90,CA,1570028086,76,44.65,-63.58,287.15,9.3
402,the valley,16,AI,1570028239,65,18.22,-63.06,305.37,2.68
403,chicama,90,PE,1570028329,93,-7.84,-79.15,289.15,3.1
404,shimanovsk,0,RU,1570028330,53,52.0,127.67,274.583,4.37
405,altay,0,CN,1570028331,39,47.83,88.13,273.083,3.65
406,chandbali,21,IN,1570028332,77,20.77,86.74,300.983,0.71
407,fort nelson,40,CA,1570028333,86,58.81,-122.69,276.15,0.81
408,vardo,1,US,1570028334,55,39.62,-77.74,303.71,2.6
409,khuzdar,47,PK,1570028335,48,27.8,66.62,294.383,1.81
410,port hedland,0,AU,1570027754,60,-20.31,118.58,296.15,2.6
411,nishihara,1,JP,1570028337,77,35.74,139.53,299.26,1.5
412,north myrtle beach,1,US,1570028339,69,33.83,-78.68,302.59,1.5
413,mangrol,22,IN,1570028340,84,25.33,76.51,297.983,2.83
414,zimapan,24,MX,1570028341,78,20.75,-99.35,292.183,0.59
415,tiarei,0,PF,1570027782,78,-17.53,-149.33,295.15,1.0
416,buala,100,SB,1570028343,84,-8.15,159.59,299.183,7.85
417,maunabo,1,PR,1570028344,70,18.01,-65.9,305.37,3.1
418,katsuura,90,JP,1570028345,78,33.93,134.5,298.15,12.3
419,tadine,95,NC,1570028346,73,-21.55,167.88,292.983,9.4
420,yarim,68,YE,1570028347,67,14.3,44.38,294.583,1.93
421,ahuimanu,90,US,1570028153,74,21.44,-157.84,300.15,4.6
422,wuda,34,CN,1570028349,54,39.5,106.72,293.283,10.99
423,belorechensk,0,RU,1570028350,53,44.77,39.87,297.04,3.0
424,chabahar,20,IR,1570028350,79,25.29,60.65,303.15,3.1
425,kieta,100,PG,1570027802,76,-6.22,155.63,300.483,3.1
426,borogontsy,0,RU,1570028353,64,62.67,131.17,269.083,3.65
427,cracow,90,US,1570028354,93,43.74,-82.82,288.15,5.7
428,acapulco,75,MX,1570028355,83,16.86,-99.88,300.15,1.5
429,bollnas,100,SE,1570028356,94,61.35,16.39,278.71,0.89
430,shingu,100,JP,1570028358,91,33.72,135.99,290.483,3.01
431,camacha,40,PT,1570028359,73,33.08,-16.33,298.15,5.1
432,manado,20,ID,1570028360,94,1.49,124.85,296.15,1.0
433,humaita,0,AR,1570028361,44,-24.93,-65.37,288.15,3.1
434,selikhino,100,RU,1570028363,92,50.37,137.51,279.483,5.27
435,tchaourou,100,BJ,1570028364,67,8.89,2.6,302.583,0.42
436,santa rosa,94,AR,1570028358,24,-36.62,-64.29,289.783,4.1
437,altea,0,ES,1570028365,49,38.6,-0.05,302.59,1.8
438,murgab,0,TM,1570028366,33,37.5,61.97,295.15,3.1
439,sukabumi,7,ID,1570028367,77,-6.92,106.93,297.59,2.3
440,puerto madero,75,AR,1570028368,62,-34.61,-58.36,289.26,6.2
441,rincon,40,PA,1570028369,88,8.46,-82.28,298.15,0.5
442,boa vista,20,BR,1570028371,52,2.82,-60.67,304.15,7.7
443,gold coast,75,AU,1570028372,87,-28.0,153.41,287.59,1.25
444,nuuk,75,GL,1570028087,56,64.17,-51.74,279.15,5.1
445,kamenka,0,MD,1570028373,54,48.03,28.7,296.48,2.68
446,tolaga bay,67,NZ,1570028374,82,-38.37,178.3,276.583,2.44
447,kumphawapi,0,TH,1570028375,70,17.11,103.01,302.15,2.6
448,mahibadhoo,100,MV,1570028379,73,3.78,72.97,301.383,3.18
449,yerbogachen,100,RU,1570028380,85,61.28,108.01,271.183,3.47
450,zamora,0,ES,1570028327,37,41.51,-5.74,295.93,1.5
451,comodoro rivadavia,20,AR,1570028381,46,-45.87,-67.48,283.15,2.1
452,santiago,100,PH,1570027989,94,16.69,121.54,295.183,1.05
453,cayhagan,99,PH,1570028383,74,9.67,122.43,300.783,2.09
454,mangan,84,IN,1570028384,81,27.5,88.54,286.783,0.26
455,terra santa,100,BR,1570028385,34,-2.1,-56.49,308.883,3.07
456,khasan,100,RU,1570028386,99,42.43,130.64,290.883,0.4
457,oistins,40,BB,1570028387,62,13.07,-59.53,304.15,7.2
458,tautira,0,PF,1570028388,78,-17.73,-149.15,295.15,1.0
459,kaoma,100,ZM,1570028389,12,-14.8,24.8,306.883,4.36
460,ayia galini,40,GR,1570028390,78,35.1,24.68,302.15,2.1
461,dengfeng,55,CN,1570028391,46,34.46,113.03,295.383,1.31
462,pisco,0,PE,1570028392,30,-13.71,-76.2,295.15,4.6
463,milkovo,0,BG,1570028393,65,41.53,24.68,301.15,2.6
464,half moon bay,1,US,1570028394,62,37.46,-122.43,286.48,0.33
465,gracac,40,RS,1570028395,30,43.65,20.83,301.15,1.5
466,umtata,20,ZA,1570028396,49,-31.59,28.78,295.15,6.2
467,umm kaddadah,85,SD,1570028397,34,13.6,26.69,306.383,2.5
468,tessalit,0,ML,1570028398,9,20.2,1.01,312.383,2.77
469,sawakin,100,SD,1570028400,47,19.1,37.33,303.683,4.54
470,northam,0,AU,1570028401,82,-31.65,116.67,286.15,1.49
471,dapaong,88,TG,1570028402,56,10.86,0.2,304.183,1.92
472,mumford,97,GH,1570028403,79,5.26,-0.76,300.183,4.08
473,moanda,75,CD,1570028404,78,-5.93,12.38,300.15,3.1
474,iranshahr,40,IR,1570028406,20,27.21,60.69,309.15,7.2
475,banda aceh,100,ID,1570028407,76,5.56,95.32,300.883,4.91
476,shaowu,0,CN,1570028408,59,27.34,117.49,295.283,1.62
477,chumikan,31,RU,1570028410,61,54.72,135.31,272.183,2.81
478,carballo,20,ES,1570028411,68,43.21,-8.69,294.26,3.1
479,malinovskiy,97,RU,1570028412,79,54.15,34.53,286.383,2.91
480,kailua,90,US,1570028412,74,21.39,-157.74,300.15,4.6
481,london,40,GB,1570027977,47,51.51,-0.13,287.59,6.7
482,berdychiv,0,UA,1570028414,61,49.89,28.58,291.683,3.62
483,severo-kurilsk,100,RU,1570028415,92,50.68,156.12,281.783,4.52
484,teya,75,MX,1570028416,78,21.05,-89.07,301.48,2.1
485,roald,75,NO,1570028417,87,62.58,6.12,285.15,1.5
486,osmena,100,PH,1570028419,80,12.17,124.59,299.683,2.57
487,dauphin,90,CA,1570028420,93,51.15,-100.04,276.15,1.0
488,nueva guinea,100,NI,1570028421,76,11.69,-84.46,300.383,2.37
489,ust-koksa,0,RU,1570028422,54,50.27,85.62,268.183,1.16
490,ratnagiri,99,IN,1570028295,76,16.98,73.3,301.483,5.85
491,ferrol,20,ES,1570028424,68,43.48,-8.23,292.59,3.1
492,sooke,1,CA,1570028321,87,48.37,-123.73,282.59,0.94
493,zemio,100,CF,1570028426,83,5.02,25.13,299.883,1.22
494,carlsbad,75,CZ,1570028360,87,50.23,12.87,284.26,3.1
495,grong,54,NO,1570028429,73,64.47,12.32,281.48,0.89
496,amga,68,RU,1570028430,76,60.89,131.98,269.583,3.38
497,mpanda,75,BI,1570028431,51,-3.17,29.4,301.15,2.1
498,superior,1,US,1570028431,74,47.19,-114.89,273.15,2.1
499,jutai,5,BR,1570028432,44,-1.71,-47.89,307.283,2.74
500,tripoli,40,GR,1570028401,42,37.51,22.37,301.15,2.67
501,zhob,0,PK,1570028434,21,31.34,69.45,293.783,3.98
502,constantine,40,DZ,1570028435,56,36.36,6.61,296.15,8.7
503,los llanos de aridane,0,ES,1570028436,74,28.66,-17.92,302.04,5.7
504,grants pass,40,US,1570028297,75,42.44,-123.33,276.15,0.35
505,oneonta,94,US,1570028353,89,42.45,-75.06,294.82,3.13
506,el rusio,100,HN,1570028439,64,14.47,-86.37,299.483,0.8
507,awbari,0,LY,1570028439,8,26.59,12.77,308.783,5.57
508,sivas,0,TR,1570028323,16,39.75,37.01,298.15,5.1
509,axim,100,GH,1570028441,86,4.87,-2.24,298.383,5.07
510,zerbst,40,DE,1570028442,58,51.96,12.09,288.15,4.1
511,micheweni,36,TZ,1570028443,77,-4.97,39.83,300.783,2.0
512,itoman,20,JP,1570028444,88,26.12,127.67,300.15,3.6
513,hun,40,BE,1570028445,76,50.34,4.87,285.93,4.1
514,neiafu,75,TO,1570028446,94,-18.65,-173.98,297.15,4.04
515,ypsonas,20,CY,1570028447,65,34.69,32.96,301.15,5.1
516,kathmandu,40,NP,1570028448,88,27.71,85.32,293.15,2.1
517,eureka,1,US,1570028310,100,40.8,-124.16,279.26,3.1
518,ugoofaaru,6,MV,1570028449,79,5.67,73.0,301.483,5.93
519,bafra,0,TR,1570028450,64,41.57,35.91,296.15,3.6
520,rio grande,90,BR,1570028171,93,-32.03,-52.1,292.15,4.1
521,havoysund,75,NO,1570028452,74,71.0,24.66,276.15,8.7
522,maniitsoq,93,GL,1570028453,58,65.42,-52.9,279.783,4.39
523,egvekinot,100,RU,1570028454,96,66.32,-179.17,270.983,0.82
524,gizo,20,IL,1570028455,58,31.8,34.94,301.15,4.6
525,margate,4,AU,1570028456,81,-43.03,147.26,284.26,2.6
526,bonavista,82,CA,1570028457,85,48.65,-53.11,279.82,0.45
527,santa lucia,75,IT,1570028458,69,41.98,12.66,298.71,4.1
528,wana,0,PK,1570028459,75,32.31,69.59,287.183,2.33
529,astoria,1,US,1570028460,87,46.19,-123.83,282.59,2.1
530,nemuro,0,JP,1570028461,91,43.32,145.57,289.583,6.52
531,tambovka,0,RU,1570028461,62,47.32,47.38,290.583,2.02
532,cedar city,1,US,1570028462,40,37.68,-113.06,276.15,1.5
533,alofi,93,NU,1570028463,100,-19.06,-169.92,292.15,0.5
534,boden,75,SE,1570028465,52,65.83,21.69,279.15,3.6
535,vila franca do campo,40,PT,1570028467,88,37.72,-25.43,297.15,7.7
536,mnogovershinnyy,59,RU,1570028468,81,53.94,139.92,273.083,2.22
537,arman,32,RU,1570028469,82,59.7,150.17,268.983,2.07
538,gongzhuling,0,CN,1570028470,65,43.5,124.81,291.483,2.05
539,walvis bay,0,NA,1570028471,56,-22.95,14.51,294.15,5.1
540,lashma,76,RU,1570028472,77,54.93,41.14,285.283,4.34
541,labuhan,2,ID,1570028473,94,-2.54,115.51,295.683,0.91
542,swift current,0,CA,1570028427,92,50.29,-107.8,270.15,3.6
543,savannah bight,41,HN,1570028474,72,16.45,-85.85,302.083,5.52
544,yamada,75,JP,1570028475,88,36.58,137.08,298.15,0.5
545,ancud,40,CL,1570028476,70,-41.87,-73.83,281.15,2.1
546,bundaberg,0,AU,1570028436,82,-24.87,152.35,289.26,3.6
547,saint anthony,90,US,1570028478,59,43.97,-111.68,275.37,2.1
548,mayskiy,0,RU,1570028479,43,43.63,44.06,295.15,1.0
549,roma,40,IT,1570028272,83,41.89,12.48,298.15,3.6
550,vieux-habitants,75,GP,1570028482,66,16.06,-61.77,303.15,3.6
551,ayan,0,IR,1570028483,31,38.23,44.7,286.183,2.81
